Customer ID,Customer Name,Segment
1,Ruby Patel,Home Office
2,Summer Hayward,Consumer
3,Devin Huddleston,Consumer
4,Mary Parker,Corporate
5,Daniel Burke,Home Office
6,Fredrick Beveridge,Corporate
7,Archer Hort,Consumer
8,Faith Greenwood,Consumer
9,Evie Flockhart,Consumer
10,Gracie Powell,Consumer
11,Viola Watson,Consumer
12,Hershel Snyder,Corporate
13,Julia Martell,Home Office
14,Rose Heap,Consumer
15,Julian Dobie,Consumer
16,Ella Troy,Home Office
17,Everett Dunbar,Corporate
18,Georgia Bermingham,Home Office
19,John Baca,Consumer
20,Christopher Goold,Corporate
21,Kai Leonard,Corporate
22,Jennifer Mattingly,Home Office
23,Nathan Iqbal,Consumer
24,Noah Chamberlain,Consumer
25,Dylan Disney,Home Office
26,Melissa Bean,Home Office
27,Vaughn Gibbs,Home Office
28,William Horton,Consumer
29,David Harney,Corporate
30,Walter Coley,Consumer
31,Lori Miller,Consumer
32,Hayley Baldwinson,Consumer
33,Joseph Locke,Corporate
34,Gracie Hicks,Consumer
35,Hollie Norris,Consumer
36,Kiara Allen,Consumer
37,Caleb Kenyon,Corporate
38,Courtney Hancock,Consumer
39,Daryl Claypool,Corporate
40,Winnie Moss,Consumer
41,Ronald Everson,Corporate
42,Brandon Preston,Consumer
43,Lara Stoate,Corporate
44,Max Ludwig,Home Office
45,Millie Newman,Consumer
46,Larry Klaus,Corporate
47,Shelby Dunston,Consumer
48,Piper Wilder-Neligan,Consumer
49,Patricia Lukes,Corporate
50,Erin Gill,Home Office
51,Jasmine Slater,Corporate
52,Lilian Macredie,Corporate
53,Charlotte Taylor,Consumer
54,Victoria Bell,Home Office
55,Kayleigh Farmer,Consumer
56,Sophie Franklin,Corporate
57,Tyson Ebden,Consumer
58,Maya O'Sullivan,Corporate
59,Tegan Savage,Consumer
60,Julian Mack,Consumer
61,Eva Hargraves,Consumer
62,Jonathan Summons,Consumer
63,Katherine Grant,Consumer
64,Darcy Farnell,Consumer
65,Jared Wurster,Consumer
66,Kayla Ronald,Corporate
67,Angus Reading,Corporate
68,Jodie Mellor,Consumer
69,Carl Proctor,Consumer
70,Maya Summers,Home Office
71,Oscar Clayton,Consumer
72,Spencer Akhtar,Consumer
73,Angus De Groot,Corporate
74,Lincoln Want,Consumer
75,Niamh Mann,Consumer
76,Nicole Nash,Consumer
77,Joshua Romero,Consumer
78,Naomi Hancock,Corporate
79,John Kemp,Home Office
80,Ryan Greenwood,Consumer
81,Ashton Charles,Consumer
82,Thomas Stephens,Corporate
83,Shannon Howe,Consumer
84,Joseph Ford,Corporate
85,Donna Nash,Corporate
86,Koby Phillip,Consumer
87,Thomas McCallum,Consumer
88,Alexander Bennett,Corporate
89,Wanda Wingert,Consumer
90,Scarlett Truchanas,Corporate
91,Jessica Paramor,Corporate
92,Charlie Brooks,Consumer
93,Sam Wood,Home Office
94,Charles Builder,Consumer
95,Aaron Bootman,Consumer
96,Kayla Tearle,Corporate
97,Gabriel Sanders,Consumer
98,Mary Wilson,Consumer
99,Paige Horsfall,Home Office
100,Lily Tyler,Home Office
101,Charlie Wells,Home Office
102,Anthony Stewart,Home Office
103,Edward Zwar,Consumer
104,Sharon Kerley,Consumer
105,Samuel Thomas,Consumer
106,Benjamin Humphries,Consumer
107,Morgan Anderson,Corporate
108,Luca Graham,Consumer
109,Chelsea Bannister,Consumer
110,Juanita Smalls,Home Office
111,Alexis Code,Corporate
112,Toby Conway,Consumer
113,Adam Bentley,Consumer
114,Harry Nelson,Consumer
115,Alexandra Macdonald,Corporate
116,Skye McCaffrey,Consumer
117,Michelle Barrett,Consumer
118,Evie Rees,Consumer
119,Kaitlyn Dorsch,Corporate
120,Corey Norton,Consumer
121,Logan Tilley,Consumer
122,Owen Howell,Home Office
123,Molly Palmer,Corporate
124,Eve Bates,Consumer
125,Nicholas Carey,Consumer
126,Gerald Galvan,Corporate
127,Benjamin Lee,Corporate
128,Donald Pak,Corporate
129,Koby Tompson,Consumer
130,Mackenzie Whitford,Consumer
131,Sofia de Castella,Consumer
132,Eve Spencer,Consumer
133,Amy Nixon,Consumer
134,Sebastian McClelland,Consumer
135,Luca Varley,Corporate
136,Tara Hines,Consumer
137,Ava Giles,Corporate
138,Jay Andrews,Consumer
139,Kristal McCaslin,Corporate
140,Mariam McMeckan,Corporate
141,William Somerville,Corporate
142,Louie Knight,Consumer
143,Jodie Garner,Consumer
144,Imogen Daly,Consumer
145,Mohammed Fox,Consumer
146,Leslie Wilson,Consumer
147,Melody Nelson,Corporate
148,Jacob Roemer,Corporate
149,Sam French,Consumer
150,Eileen Walker,Consumer
151,Ebony Sadlier,Corporate
152,Philip Newsom,Corporate
153,Edward Webber,Home Office
154,Toby Clunie,Consumer
155,Louis Scott,Corporate
156,Eva Arnold,Consumer
157,Lisa Watkins,Consumer
158,Richard Poole,Home Office
159,Patricia Smith,Corporate
160,Ewan Hyde,Consumer
161,Francesca Bowen,Consumer
162,Denise Harris,Consumer
163,Erick Tanner,Corporate
164,Phoebe Moore,Corporate
165,Maddison Newman,Corporate
166,Patrick Townson,Home Office
167,Jason Roger,Corporate
168,Robert James,Home Office
169,Edward Hodges,Consumer
170,Ralph Holmes,Consumer
171,Tina Phelps,Consumer
172,Rebecca Chamberlain,Home Office
173,Ryan Price,Consumer
174,Maddison Breen,Corporate
175,Milla Hollinworth,Corporate
176,Henry Chandler,Home Office
177,Bianca Monsoor,Consumer
178,Louis Wilson,Consumer
179,Alana Zahel,Consumer
180,Lily Dallachy,Corporate
181,Esther Henderson,Consumer
182,Elijah Sodeman,Consumer
183,Angus Ibsch,Consumer
184,Leon Thompson,Consumer
185,Lorri Stratton,Consumer
186,Rachel Tyler,Corporate
187,Molly Crawford,Corporate
188,Tyler Whitehead,Corporate
189,David Mortlock,Consumer
190,Bianca Whitford,Corporate
191,Minnie Cash,Corporate
192,Ada Dalton,Corporate
193,Molly De Mole,Corporate
194,Elise Ali,Home Office
195,Pamela Searles,Home Office
196,Eva Butler,Corporate
197,Rory Gunson,Consumer
198,Maya Pamphlett,Consumer
199,Harry Ahmed,Consumer
200,Charlie Donnelly,Consumer
201,Tilly Payne,Consumer
202,Madeline Crooks,Consumer
203,Carrie Boots,Corporate
204,Susan Williams,Home Office
205,Erin Rogers,Consumer
206,Molly Bidmead,Home Office
207,Samuel Hardey,Home Office
208,Louise Winter,Corporate
209,Steven Prince,Home Office
210,Tyson Hanna,Consumer
211,Georgina Garner,Consumer
212,Marcus Leon,Corporate
213,Tyler Miah,Home Office
214,Ellie Chapman,Home Office
215,Katie Thom,Corporate
216,William Reichert,Consumer
217,Jayden Ali,Consumer
218,Adam Harte,Corporate
219,Anna Leal,Consumer
220,Theresa Varner,Corporate
221,Angus Gether,Consumer
222,Zara Money,Corporate
223,Ethan Barrett,Consumer
224,Hubert Lindahl,Corporate
225,Casey Forte,Consumer
226,Kelly Long,Corporate
227,Peter Daly,Consumer
228,Isabella Falkiner,Corporate
229,Hayden Perkins,Consumer
230,Lauren Knight,Consumer
231,Robert Zapata,Consumer
232,Josh Wilkinson,Corporate
233,Michael Watkins,Home Office
234,Lucas Wood,Corporate
235,Larry Lambert,Consumer
236,Marcus Griffin,Home Office
237,Nancy Fike,Consumer
238,Charlie Power,Home Office
239,Don Willie,Corporate
240,Stella Hellyer,Consumer
241,Charlie Horrocks,Consumer
242,Tammy Chamblee,Consumer
243,Lane Taylor,Corporate
244,Harold Smith,Consumer
245,Sophia Owen,Corporate
246,Walter Aguilar,Consumer
247,David Lowe,Consumer
248,Jordan Peacock,Corporate
249,Edward Davidson,Home Office
250,Randall Roberts,Consumer
251,Mike Langer,Corporate
252,Kimberly Boyd,Corporate
253,Ruby Frost,Home Office
254,Jonathan Bottrill,Consumer
255,William Martin,Corporate
256,Ava Corbin,Home Office
257,Jack Brier,Consumer
258,Laura Akhtar,Consumer
259,Charlotte Savage,Consumer
260,Desiree Hurt,Home Office
261,Henry Pedder,Consumer
262,Paul Cleary,Corporate
263,Hollie Morris,Corporate
264,Mia McLean,Corporate
265,Liam Mathias,Corporate
266,Robert Ramsey,Consumer
267,Lola Hughes,Consumer
268,Kristina Moore,Corporate
269,Isabella Secombe,Consumer
270,Cynthia Zielinski,Home Office
271,Cerys Edwards,Consumer
272,Abby Mei,Corporate
273,Rory Martindale,Consumer
274,Archie Whittaker,Home Office
275,Kian Thomson,Consumer
276,Chloe Miller,Consumer
277,Jasper Neighbour,Corporate
278,Ashton Foley,Consumer
279,Ali Jerger,Corporate
280,Joel Peters,Home Office
281,Luz Reilly,Consumer
282,Henry Winder,Corporate
283,Brooke Hodgson,Consumer
284,Leroy Samson,Home Office
285,Norma McCowan,Consumer
286,Demi Power,Consumer
287,Eden Kern,Consumer
288,Aaron Cunningham,Consumer
289,Kiera Chandler,Consumer
290,Leo Bannister,Home Office
291,Terence Welch,Consumer
292,Anna Moreton,Corporate
293,Tom Charlton,Corporate
294,Alana Tyson,Home Office
295,Tina Brantley,Home Office
296,Andrew Shah,Home Office
297,Eloise Mahmood,Corporate
298,Natasha Sykes,Consumer
299,Leah Barrett,Consumer
300,Max Baker,Home Office
301,Oliver Stephenson,Consumer
302,Eva Sanderson,Consumer
303,James Fleming,Corporate
304,Spencer Wallis,Consumer
305,Isabelle Macghey,Consumer
306,Lilly Akhtar,Home Office
307,Kai Wicks,Corporate
308,Ruby Blomfield,Consumer
309,Rory Jess,Home Office
310,Claire Harrington,Home Office
311,Ryan Ackland,Consumer
312,Isabelle Norton,Consumer
313,Lisa Boyette,Corporate
314,Alexandra Whitehouse,Consumer
315,Millie Franklin,Consumer
316,Toby Williamson,Home Office
317,Millie Arnold,Consumer
318,Patricia Epps,Corporate
319,Harry Josephson,Consumer
320,Ethan Howarth,Consumer
321,Abby Muramats,Consumer
322,Anna Kelly,Corporate
323,Madison Rowley,Consumer
324,Phoebe Baines,Home Office
325,Gemma Curlewis,Corporate
326,Georgina Arnold,Corporate
327,Angelina Hurst,Consumer
328,Mark Westfall,Consumer
329,Robert Quick,Consumer
330,Karon Shah,Corporate
331,Hudson Ordell,Corporate
332,Gracie Hunter,Consumer
333,Michael Halcomb,Corporate
334,Evan Allen,Corporate
335,Libby McDonald,Home Office
336,Georgia Arundale,Corporate
337,Michael Myers,Home Office
338,Isaac David,Corporate
339,Stacy Cummings,Consumer
340,Demi Hodgson,Consumer
341,Ethan Cover,Home Office
342,Ruby Nicholls,Corporate
343,Alexander Bond,Corporate
344,Gary Crume,Consumer
345,Jeremy Pilcher,Corporate
346,Lilly Le Grand,Home Office
347,Leah Marsh,Corporate
348,Geraldine Mizelle,Corporate
349,Jason Martinez,Corporate
350,Tahlia Murnin,Consumer
351,Mia Pugh,Consumer
352,Elijah Ruatoka,Home Office
353,Tyson Jonathan,Consumer
354,Mike Obrien,Consumer
355,John Town,Consumer
356,Dennis Conaway,Consumer
357,Ginger Owens,Consumer
358,Mary Saterfiel,Consumer
359,Ashton Morey,Consumer
360,Alannah Langridge,Consumer
361,Angelina Beeton,Consumer
362,Abby Colebe,Consumer
363,Aaron Macrossan,Home Office
364,Noah Hart,Consumer
365,George To Rot,Corporate
366,Holly Doyle,Consumer
367,Gilbert Montgomery,Consumer
368,Spencer Calvert,Corporate
369,Zachary Disher,Consumer
370,Aaron Davey,Consumer
371,Xavier Martindale,Consumer
372,Ngoc Orozco,Home Office
373,Lucas Warren,Consumer
374,Jake Barry,Home Office
375,Alexandra Portus,Corporate
376,Audrey Knowles,Consumer
377,Alannah Callaway,Consumer
378,Joseph Wright,Home Office
379,Bradley Howell,Corporate
380,Isabelle Radcliffe,Corporate
381,Madison Chadwick,Consumer
382,Juan Smith,Consumer
383,Chloe O'Dea,Consumer
384,Jean Crowley,Corporate
385,Abbie Perry,Consumer
386,Christy Wiley,Consumer
387,Ali Mander-Jones,Home Office
388,Mark Washington,Home Office
389,Nathan Clayton,Consumer
390,Hayley Swanston,Home Office
391,Daniel Hamilton,Home Office
392,Kayleigh Summers,Consumer
393,Sebastian Barber,Home Office
394,Will Poynton,Consumer
395,Betty Reynolds,Corporate
396,Daniel Lucas,Home Office
397,Amy Pendred,Consumer
398,Sandra Cook,Consumer
399,Mary Hough,Home Office
400,Rebecca Heysen,Corporate
401,Edward Martinez,Corporate
402,Harriet Chadwick,Corporate
403,Taj Knetes,Consumer
404,Sandra Hooks,Corporate
405,Bethany Hunt,Corporate
406,George Dawson,Home Office
407,Zachary Warner,Consumer
408,Craig Rayner,Consumer
409,Isabel Turnbull,Home Office
410,Isabelle Vaughan,Consumer
411,Libby Thompson,Consumer
412,Gemma Sharp,Corporate
413,Ebony Northcott,Consumer
414,Riley Douglas,Corporate
415,Rita McCann,Consumer
416,Dylan Dry,Consumer
417,Paige Hopley,Consumer
418,Annabelle Heydon,Home Office
419,Paul Collazo,Home Office
420,Oscar Serena,Consumer
421,Tyson Brookman,Consumer
422,Thomas Shepherd,Corporate
423,Brooke Horton,Consumer
424,Angie Massengill,Consumer
425,David Chadwick,Corporate
426,Nate Dacey,Consumer
427,Leon Barnes,Consumer
428,Natasha Heane,Home Office
429,Claudia Poore,Corporate
430,Alexis O'Flaherty,Home Office
431,Zoe Lowin,Consumer
432,Faith Chambers,Consumer
433,Alta Nokes,Home Office
434,Ramona Hohl,Consumer
435,Kieran Herbert,Consumer
436,Molly Hawkins,Home Office
437,Kerry Dorsey,Consumer
438,Nicole Johns,Consumer
439,Thomas Thompson,Corporate
440,Charli Rose,Consumer
441,Dominic Jordan,Consumer
442,Kyle Beard,Consumer
443,Freya Daniels,Consumer
444,Maynard Moorman,Consumer
445,Nicholas Watkins,Consumer
446,Milla Day,Consumer
447,James Casados,Consumer
448,Amelie North,Corporate
449,Charles Carey,Consumer
450,Alex Greenwood,Consumer
451,Julian Corbin,Home Office
452,Toby Starling,Consumer
453,Matthew Gill,Home Office
454,Scott Higgins,Home Office
455,Joyce Cornell,Consumer
456,Andres Woodruff,Home Office
457,Rory Chambers,Consumer
458,Kenneth Gonzales,Consumer
459,Jessica Spring,Consumer
460,Lewis Greenwood,Consumer
461,Jonathan Franklin,Home Office
462,Ethel Cole,Home Office
463,Sofia Goddard,Corporate
464,Dominic Elliott,Consumer
465,Jasmine Hanson,Consumer
466,Kevin Madigan,Consumer
467,Holly Noble,Consumer
468,Zoe Lanigan,Corporate
469,Jonathan Loftus,Home Office
470,Justin Armit,Consumer
471,Adam Walpole,Corporate
472,Jade Farmer,Consumer
473,Lauren Saunders,Consumer
474,Michael Bradshaw,Consumer
475,Jacob Carter,Consumer
476,Ethan Williams,Corporate
477,Bettie Lang,Consumer
478,David Velasquez,Home Office
479,Gail Thompson,Consumer
480,Donna Farr,Consumer
481,Jesse Godson,Corporate
482,Rachel Norton,Corporate
483,Carol Evans,Consumer
484,Lillian Davis,Consumer
485,Michael Wilson,Home Office
486,Skye Hammond,Corporate
487,Timothy Jimenez,Consumer
488,Marie Lawson,Corporate
489,Carley Wynn,Home Office
490,Felicia Cooley,Consumer
491,Matthew Barker,Consumer
492,Evie Morton,Consumer
493,Dominic Stephenson,Home Office
494,Harry Marion,Consumer
495,Stella Balcombe,Home Office
496,Robert Neil,Consumer
497,Lamar Lockhart,Consumer
498,Liam Newton,Corporate
499,Rachel Goddard,Consumer
500,Jammie Gibbs,Consumer
501,Isabelle Gould,Consumer
502,Daniel Howells,Corporate
503,Julie Ochoa,Corporate
504,Joe Gilbert,Home Office
505,Elisabeth Manson,Consumer
506,Oscar Noble,Consumer
507,Adam Peacock,Corporate
508,Timothy Pownall,Consumer
509,Ella Harrhy,Corporate
510,Jett Osman,Home Office
511,Georgia Blackburn,Corporate
512,Declan Dundas,Corporate
513,Ruth Williams,Consumer
514,Toby Patterson,Home Office
515,Arnold Jones,Corporate
516,Imogen Steele,Corporate
517,Ashley Baldwinson,Corporate
518,Isabella Cleary,Home Office
519,Imogen Symon,Consumer
520,Leroy Dudley,Consumer
521,Bonnie Wilson,Corporate
522,Cooper Burn,Consumer
523,Kimberly Jones,Corporate
524,Eric Anderson,Home Office
525,Debbie Fisk,Corporate
526,Michael Kim,Consumer
527,Sarah Smorgon,Consumer
528,Harvey Daniels,Consumer
529,Maria Kennedy,Consumer
530,Joshua Andrews,Home Office
531,Angus Fryar,Consumer
532,Ella Knopwood,Consumer
533,Jennifer Douglas,Corporate
534,William Jolly,Consumer
535,Jade Howe,Corporate
536,Karla Dunkley,Consumer
537,Corey Browne,Consumer
538,Phoebe Lindsay,Consumer
539,Kyle Nash,Consumer
540,Angus Blacklock,Home Office
541,Nicole Howard,Consumer
542,Jade Daniels,Corporate
543,Lily Skurrie,Corporate
544,Mason Adams,Consumer
545,Aidan Hayward,Corporate
546,Peggy Hua,Corporate
547,Owen Faulkner,Home Office
548,Kian Sykes,Consumer
549,Ben Summerville,Consumer
550,Caitlin Schmidt,Corporate
551,Leah Derham,Consumer
552,Xavier Synan,Consumer
553,Ben Hogben,Corporate
554,Blake Lymburner,Consumer
555,Georgina Storey,Consumer
556,Dominic Scott,Consumer
557,Harrison Cooke,Consumer
558,Luther King,Consumer
559,Tahlia Coughlan,Corporate
560,Rachel Morton,Corporate
561,Indiana Wekey,Corporate
562,Lisa Casey,Corporate
563,Jade Hawkins,Consumer
564,Keith Martinez,Consumer
565,Lara Giles,Consumer
566,David To,Home Office
567,Eden Gooseberry,Corporate
568,Kristen Holland,Consumer
569,Alice Black,Home Office
570,Ewan O'Neill,Corporate
571,Darcy St George,Corporate
572,Adam Gibbs,Corporate
573,Janet Broussard,Consumer
574,Jacob Varley,Corporate
575,Sienna Williamson,Corporate
576,Sherron Henegar,Consumer
577,Scarlett Pollard,Corporate
578,Gregory Rodriguez,Corporate
579,Xavier Burford,Corporate
580,Joan Douglas,Corporate
581,Sarah Cross,Consumer
582,Rhonda Ford,Consumer
583,Jeffrey Laird,Corporate
584,Zona Meyer,Corporate
585,Gerald Booth,Consumer
586,Lester Wimmer,Consumer
587,Kian Pollard,Consumer
588,Max Ronald,Corporate
589,Makayla Elphinstone,Consumer
590,Bryce Efird,Corporate
591,Robert Barnes,Consumer
592,Aidan Rowe,Consumer
593,Edward Dolling,Consumer
594,Mark Briggs,Consumer
595,Alfonso Gomez,Corporate
596,Samantha Reynell,Home Office
597,Nelson Olsen,Home Office
598,Steven Cordoba,Consumer
599,Jose Gullo,Consumer
600,Riley Howells,Consumer
601,Amy Pritchard,Consumer
602,Joel Ortega,Corporate
603,Leticia Sorrells,Consumer
604,Eleanor Pollard,Home Office
605,Bailey Morris,Consumer
606,Chloe Landale,Home Office
607,Nathan Allwood,Home Office
608,Toby Rowley,Consumer
609,Tricia Bustamante,Corporate
610,Georgina Fuller,Consumer
611,Anna Macdonald,Consumer
612,Alpha Ross,Corporate
613,Louis Dominguez,Corporate
614,Jude Leonard,Consumer
615,Jack Holland,Consumer
616,Morgan Dodd,Consumer
617,Isabelle Torpy,Consumer
618,Audrey Emanuel,Consumer
619,Jason Calhoun,Consumer
620,Charlie Smithies,Consumer
621,Holly Black,Home Office
622,Sue Castaneda,Home Office
623,Tyler Duncan,Home Office
624,Caitlyn Willoughby,Home Office
625,Callum Hagai,Home Office
626,Isabella Fowler,Consumer
627,Florence Wark,Consumer
628,Jamie Le Grand,Home Office
629,Ewan Walton,Consumer
630,George Bryan,Consumer
631,Eloise Sykes,Consumer
632,Niki Peirce,Consumer
633,Freddie Kaur,Consumer
634,Brian Garcia,Consumer
635,Kai Bolden,Consumer
636,Brandon Kirby,Home Office
637,Laura Elizabeth,Consumer
638,Sam Rees,Home Office
639,Elise Godfrey,Consumer
640,Travis Corchado,Corporate
641,Abigail Humffray,Consumer
642,Archie Springfield,Home Office
643,James Groom,Corporate
644,Anthony Spooner,Corporate
645,Jay Johnson,Consumer
646,Judy Rodriquez,Consumer
647,Sophie Watson,Corporate
648,Leo Jenkins,Home Office
649,Aubrey Shedd,Corporate
650,Lloyd Barnes,Corporate
651,Erin Wallis,Corporate
652,Dakota Green,Consumer
653,Frances Matthias,Corporate
654,Darcy Medley,Corporate
655,Mohammed Arnold,Consumer
656,Ewan Lee,Consumer
657,Max Craig,Corporate
658,Lucas Breillat,Home Office
659,Nathan Noble,Corporate
660,Richard Harvey,Corporate
661,Spencer Oliver,Consumer
662,Jose Gambino,Corporate
663,Tia Metcalfe,Consumer
664,Layla Furnell,Consumer
665,John Harris,Corporate
666,Chelsea Howell,Consumer
667,Pearl Summers,Consumer
668,Donald Molina,Home Office
669,Joel McKean,Home Office
670,Rebecca Cook,Corporate
671,Louise Walsh,Consumer
672,Jonathan Barbee,Consumer
673,Kevin O'Neill,Corporate
674,Isla Vogel,Home Office
675,Evie Newton,Home Office
676,Toby Labilliere,Consumer
677,Dominic Joyce,Corporate
678,Audrey Prentice,Home Office
679,Britney Basaldua,Corporate
680,Jessie White,Consumer
681,Andy Henderson,Home Office
682,Amber Adams,Corporate
683,Amanda Hutcherson,Corporate
684,Michael Flores,Corporate
685,Madelyn Anderson,Corporate
686,Kazuko Mason,Home Office
687,Lucas Northcott,Consumer
688,Kimberly Russo,Corporate
689,Victoria Burke,Corporate
690,Linda Dennis,Consumer
691,Rory Braim,Consumer
692,Matilda Jackson,Corporate
693,Nathan Niland,Consumer
694,Liam Marshall,Home Office
695,James Brown,Corporate
696,Joseph Banks,Consumer
697,Isabelle Grimstone,Consumer
698,Lilian Rodgers,Consumer
699,Benjamin Knaggs,Home Office
700,Victor Kron,Consumer
701,Catharine Robbins,Corporate
702,Libby Allan,Consumer
703,Ella Dwyer-Gray,Consumer
704,Brodie Hart,Home Office
705,Madison Holloway,Corporate
706,Noah Old,Corporate
707,Nate Wilder-Neligan,Consumer
708,Beverly Brooks,Consumer
709,Zara Jennings,Consumer
710,Bethany Child,Consumer
711,Mason Porter,Corporate
712,Herbert Harrell,Home Office
713,Mark Burkett,Home Office
714,Harrison Crawford,Home Office
715,Stephanie Ewen,Consumer
716,Madeleine Nixon,Home Office
717,Dylan O'Halloran,Home Office
718,James Bruns,Consumer
719,Eleanor Doyle,Consumer
720,Paige Bibi,Home Office
721,Katie Evenden,Corporate
722,Robert Duffy,Home Office
723,Casey Beckett,Home Office
724,Daisy Summers,Corporate
725,Hannah Conyers,Home Office
726,Lola Dale,Consumer
727,Ricky Cullen,Consumer
728,Lauren Hobbs,Consumer
729,Poppy Gunn,Consumer
730,John Basser,Corporate
731,Logan Allan,Corporate
732,Spencer Hull,Consumer
733,Nicole Carr,Consumer
734,Lydia Webster,Consumer
735,Leah Norman,Corporate
736,Harvey Drozd,Consumer
737,Judith Franke,Home Office
738,Bianca Crisp,Home Office
739,Poppy McWilliams,Corporate
740,Dustin Thomas,Consumer
741,Mark Harris,Consumer
742,Alice Currie,Consumer
743,Patrick Atkinson,Home Office
744,Anna Church,Consumer
745,Koby Ricketson,Corporate
746,Chelsea Parkinson,Corporate
747,Clifford Defreitas,Corporate
748,Anthony Lawrence,Consumer
749,Wynona Janelle,Corporate
750,Rhys Murphy,Consumer
751,Yasmin Bradley,Consumer
752,Toni Lanz,Consumer
753,Jessica Williams,Consumer
754,Grace Brown,Consumer
755,Rhys Barnett,Consumer
756,Zara Loton,Corporate
757,Sean Wheeler,Corporate
758,Louie Bryant,Corporate
759,Rose Nicolay,Home Office
760,Hazel Turner,Home Office
761,Bella Handfield,Corporate
762,Jake Goodwin,Home Office
763,Gabrielle Tulaba,Consumer
764,Kai Ford,Corporate
765,Tristan Glassey,Consumer
766,David Arnold,Consumer
767,Shannon Lane,Consumer
768,Nancy Seay,Consumer
769,Enrique Friedman,Consumer
770,Freya Briggs,Corporate
771,Claire Dilke,Consumer
772,James Lamoureux,Corporate
773,Crystal Turner,Consumer
774,Imogen Smithies,Corporate
775,Harriet Webb,Consumer
776,Hayden Weigel,Consumer
777,Sean Ford,Home Office
778,Jack Maughan,Consumer
779,Nicole Todd,Corporate
780,Andrew Stephens,Consumer
781,Dakota Baynes,Corporate
782,Audry Smith,Consumer
783,Patrick Cassidy,Corporate
784,Elliot Owen,Consumer
785,Cora Konieczny,Home Office
786,Lydia Fowler,Corporate
787,Yasmin Higgins,Corporate
788,Bethany Powell,Home Office
789,Alexandra Mahmood,Consumer
790,Carol Leach,Home Office
791,Charles Rice,Corporate
792,Jay Collier,Consumer
